timestamp,name,price,url
2026-02-27 13:50:41.970837,Noise ColorFit Pro 4 Smartwatch,918,https://www.amazon.in/dp/B08N5WRWNW
2026-02-28 13:50:41.970837,Noise ColorFit Pro 4 Smartwatch,942,https://www.amazon.in/dp/B08N5WRWNW
2026-03-01 13:50:41.970837,Noise ColorFit Pro 4 Smartwatch,908,https://www.amazon.in/dp/B08N5WRWNW
2026-03-02 13:50:41.970837,Noise ColorFit Pro 4 Smartwatch,942,https://www.amazon.in/dp/B08N5WRWNW
2026-03-03 13:50:41.970837,Noise ColorFit Pro 4 Smartwatch,963,https://www.amazon.in/dp/B08N5WRWNW
2026-03-04 13:50:41.970837,Noise ColorFit Pro 4 Smartwatch,994,https://www.amazon.in/dp/B08N5WRWNW
2026-03-05 13:50:41.970837,Noise ColorFit Pro 4 Smartwatch,967,https://www.amazon.in/dp/B08N5WRWNW
2026-03-06 13:50:41.970837,Noise ColorFit Pro 4 Smartwatch,951,https://www.amazon.in/dp/B08N5WRWNW
2026-03-07 13:50:41.970837,Noise ColorFit Pro 4 Smartwatch,938,https://www.amazon.in/dp/B08N5WRWNW
2026-03-08 13:50:41.970837,Noise ColorFit Pro 4 Smartwatch,956,https://www.amazon.in/dp/B08N5WRWNW
2026-03-09 13:50:41.970837,Noise ColorFit Pro 4 Smartwatch,953,https://www.amazon.in/dp/B08N5WRWNW
2026-03-10 13:50:41.970837,Noise ColorFit Pro 4 Smartwatch,972,https://www.amazon.in/dp/B08N5WRWNW
2026-03-11 13:50:41.970837,Noise ColorFit Pro 4 Smartwatch,939,https://www.amazon.in/dp/B08N5WRWNW
2026-03-12 13:50:41.970837,Noise ColorFit Pro 4 Smartwatch,930,https://www.amazon.in/dp/B08N5WRWNW
2026-03-13 13:50:41.970837,Noise ColorFit Pro 4 Smartwatch,942,https://www.amazon.in/dp/B08N5WRWNW
2026-03-14 13:50:41.970837,Noise ColorFit Pro 4 Smartwatch,946,https://www.amazon.in/dp/B08N5WRWNW
2026-03-15 13:50:41.970837,Noise ColorFit Pro 4 Smartwatch,973,https://www.amazon.in/dp/B08N5WRWNW
2026-03-16 13:50:41.970837,Noise ColorFit Pro 4 Smartwatch,997,https://www.amazon.in/dp/B08N5WRWNW
2026-03-17 13:50:41.970837,Noise ColorFit Pro 4 Smartwatch,970,https://www.amazon.in/dp/B08N5WRWNW
2026-03-18 13:50:41.970837,Noise ColorFit Pro 4 Smartwatch,965,https://www.amazon.in/dp/B08N5WRWNW
2026-03-19 13:50:41.970837,Noise ColorFit Pro 4 Smartwatch,962,https://www.amazon.in/dp/B08N5WRWNW
2026-03-20 13:50:41.970837,Noise ColorFit Pro 4 Smartwatch,985,https://www.amazon.in/dp/B08N5WRWNW
2026-03-21 13:50:41.970837,Noise ColorFit Pro 4 Smartwatch,948,https://www.amazon.in/dp/B08N5WRWNW
2026-03-22 13:50:41.970837,Noise ColorFit Pro 4 Smartwatch,981,https://www.amazon.in/dp/B08N5WRWNW
2026-03-23 13:50:41.970837,Noise ColorFit Pro 4 Smartwatch,966,https://www.amazon.in/dp/B08N5WRWNW
2026-03-24 13:50:41.970837,Noise ColorFit Pro 4 Smartwatch,993,https://www.amazon.in/dp/B08N5WRWNW
2026-03-25 13:50:41.970837,Noise ColorFit Pro 4 Smartwatch,961,https://www.amazon.in/dp/B08N5WRWNW
2026-03-26 13:50:41.970837,Noise ColorFit Pro 4 Smartwatch,933,https://www.amazon.in/dp/B08N5WRWNW
2026-03-27 13:50:41.970837,Noise ColorFit Pro 4 Smartwatch,917,https://www.amazon.in/dp/B08N5WRWNW
2026-03-28 13:50:41.970837,Noise ColorFit Pro 4 Smartwatch,902,https://www.amazon.in/dp/B08N5WRWNW
2026-03-29 13:50:41.970837,Noise ColorFit Pro 4 Smartwatch,907,https://www.amazon.in/dp/B08N5WRWNW
2026-03-30 13:50:41.970837,Noise ColorFit Pro 4 Smartwatch,928,https://www.amazon.in/dp/B08N5WRWNW
2026-03-31 13:50:41.970837,Noise ColorFit Pro 4 Smartwatch,915,https://www.amazon.in/dp/B08N5WRWNW
2026-04-01 13:50:41.970837,Noise ColorFit Pro 4 Smartwatch,953,https://www.amazon.in/dp/B08N5WRWNW
2026-04-02 13:50:41.970837,Noise ColorFit Pro 4 Smartwatch,955,https://www.amazon.in/dp/B08N5WRWNW
2026-04-03 13:50:41.970837,Noise ColorFit Pro 4 Smartwatch,970,https://www.amazon.in/dp/B08N5WRWNW
2026-04-04 13:50:41.970837,Noise ColorFit Pro 4 Smartwatch,931,https://www.amazon.in/dp/B08N5WRWNW
2026-04-05 13:50:41.970837,Noise ColorFit Pro 4 Smartwatch,934,https://www.amazon.in/dp/B08N5WRWNW
2026-04-06 13:50:41.970837,Noise ColorFit Pro 4 Smartwatch,901,https://www.amazon.in/dp/B08N5WRWNW
2026-04-07 13:50:41.970837,Noise ColorFit Pro 4 Smartwatch,925,https://www.amazon.in/dp/B08N5WRWNW
2026-04-08 13:50:41.970837,Noise ColorFit Pro 4 Smartwatch,956,https://www.amazon.in/dp/B08N5WRWNW
2026-04-09 13:50:41.970837,Noise ColorFit Pro 4 Smartwatch,931,https://www.amazon.in/dp/B08N5WRWNW
2026-04-10 13:50:41.970837,Noise ColorFit Pro 4 Smartwatch,939,https://www.amazon.in/dp/B08N5WRWNW
2026-04-11 13:50:41.970837,Noise ColorFit Pro 4 Smartwatch,975,https://www.amazon.in/dp/B08N5WRWNW
2026-04-12 13:50:41.970837,Noise ColorFit Pro 4 Smartwatch,970,https://www.amazon.in/dp/B08N5WRWNW
2026-04-13 13:50:41.970837,Noise ColorFit Pro 4 Smartwatch,980,https://www.amazon.in/dp/B08N5WRWNW
2026-04-14 13:50:41.970837,Noise ColorFit Pro 4 Smartwatch,951,https://www.amazon.in/dp/B08N5WRWNW
2026-04-15 13:50:41.970837,Noise ColorFit Pro 4 Smartwatch,964,https://www.amazon.in/dp/B08N5WRWNW
2026-04-16 13:50:41.970837,Noise ColorFit Pro 4 Smartwatch,987,https://www.amazon.in/dp/B08N5WRWNW
2026-04-17 13:50:41.970837,Noise ColorFit Pro 4 Smartwatch,993,https://www.amazon.in/dp/B08N5WRWNW
2026-04-18 13:50:41.970837,Noise ColorFit Pro 4 Smartwatch,1019,https://www.amazon.in/dp/B08N5WRWNW
2026-04-19 13:50:41.970837,Noise ColorFit Pro 4 Smartwatch,1042,https://www.amazon.in/dp/B08N5WRWNW
2026-04-20 13:50:41.970837,Noise ColorFit Pro 4 Smartwatch,1047,https://www.amazon.in/dp/B08N5WRWNW
2026-04-21 13:50:41.970837,Noise ColorFit Pro 4 Smartwatch,1078,https://www.amazon.in/dp/B08N5WRWNW
2026-04-22 13:50:41.970837,Noise ColorFit Pro 4 Smartwatch,1105,https://www.amazon.in/dp/B08N5WRWNW
2026-04-23 13:50:41.970837,Noise ColorFit Pro 4 Smartwatch,1119,https://www.amazon.in/dp/B08N5WRWNW
2026-04-24 13:50:41.970837,Noise ColorFit Pro 4 Smartwatch,1133,https://www.amazon.in/dp/B08N5WRWNW
2026-04-25 13:50:41.970837,Noise ColorFit Pro 4 Smartwatch,1141,https://www.amazon.in/dp/B08N5WRWNW
2026-04-26 13:50:41.970837,Noise ColorFit Pro 4 Smartwatch,1131,https://www.amazon.in/dp/B08N5WRWNW
2026-04-27 13:50:41.970837,Noise ColorFit Pro 4 Smartwatch,1162,https://www.amazon.in/dp/B08N5WRWNW
